shoulder_yaw,shoulder_pitch,elbow_pitch,elbow_roll,wrist_pitch,wrist_roll,Act EE x,Act EE y,Act EE z,Act EE x_or,Act EE y_or,Act EE z_or,Act EE_w_or,Timestamp
-0.00447,-2.02269,2.18782,0.83085,-0.13930,0.79265,0.45695,-0.01955,0.29399,0.72113,-0.01434,-0.06255,0.68982,1714873141
-0.00033,-2.02280,2.18571,0.84574,-0.13753,0.77418,0.45699,-0.01766,0.29477,0.71995,-0.01258,-0.06136,0.69119,1714873141
0.00744,-2.02440,2.18623,0.83943,-0.13911,0.77206,0.45664,-0.01422,0.29550,0.71710,-0.01072,-0.05791,0.69447,1714873141
0.01779,-2.03251,2.21361,0.66913,-0.19970,0.94303,0.45434,-0.01343,0.29513,0.71657,-0.02968,-0.04519,0.69542,1714873141
0.01190,-2.04038,2.37942,0.21040,-0.49545,1.42338,0.44427,-0.01157,0.26264,0.72072,-0.08234,0.02262,0.68795,1714873142
0.01143,-1.98924,2.47950,0.11670,-0.77105,1.53266,0.43968,-0.00829,0.23477,0.72014,-0.12038,0.07598,0.67907,1714873142
0.01610,-1.92435,2.51376,0.15336,-0.95595,1.50409,0.43965,-0.01476,0.22022,0.71112,-0.16351,0.09054,0.67778,1714873142
0.01247,-1.72510,2.53847,0.11603,-1.34671,1.57746,0.44407,-0.01398,0.18802,0.70386,-0.21730,0.15471,0.65836,1714873142
0.01158,-1.54524,2.50708,0.11048,-1.61119,1.60810,0.45194,-0.01375,0.16500,0.69374,-0.25513,0.19635,0.64427,1714873142
0.01182,-1.46898,2.48689,0.11263,-1.71800,1.61079,0.45460,-0.01380,0.15538,0.68578,-0.27293,0.21249,0.64036,1714873143
0.01181,-1.46936,2.48713,0.11268,-1.71794,1.61081,0.45451,-0.01382,0.15545,0.68578,-0.27298,0.21251,0.64033,1714873143
0.01178,-1.46936,2.48708,0.11268,-1.71792,1.61079,0.45452,-0.01383,0.15547,0.68577,-0.27299,0.21251,0.64034,1714873143
0.01180,-1.46935,2.48698,0.11270,-1.71790,1.61079,0.45454,-0.01382,0.15550,0.68577,-0.27301,0.21253,0.64033,1714873143
0.01184,-1.46934,2.48698,0.11269,-1.71788,1.61078,0.45455,-0.01380,0.15549,0.68578,-0.27299,0.21253,0.64033,1714873143
0.01184,-1.46937,2.48701,0.11268,-1.71792,1.61081,0.45453,-0.01380,0.15550,0.68578,-0.27300,0.21256,0.64031,1714873144
0.01185,-1.46942,2.48702,0.11264,-1.71793,1.61082,0.45452,-0.01379,0.15552,0.68577,-0.27300,0.21259,0.64031,1714873144
0.01203,-1.46955,2.48697,0.11257,-1.71801,1.61078,0.45450,-0.01370,0.15562,0.68575,-0.27300,0.21275,0.64027,1714873144
0.01203,-1.46960,2.48699,0.11256,-1.71801,1.61083,0.45449,-0.01369,0.15563,0.68577,-0.27299,0.21277,0.64026,1714873144
0.01204,-1.46958,2.48696,0.11259,-1.71799,1.61081,0.45450,-0.01369,0.15563,0.68576,-0.27300,0.21276,0.64026,1714873144
0.01203,-1.46960,2.48698,0.11258,-1.71802,1.61079,0.45449,-0.01369,0.15563,0.68575,-0.27301,0.21277,0.64026,1714873145
0.01203,-1.46960,2.48697,0.11256,-1.71802,1.61080,0.45450,-0.01369,0.15564,0.68575,-0.27301,0.21278,0.64026,1714873145
0.01204,-1.46960,2.48696,0.11260,-1.71799,1.61080,0.45450,-0.01370,0.15564,0.68576,-0.27302,0.21276,0.64026,1714873145
0.01202,-1.46960,2.48697,0.11259,-1.71802,1.61081,0.45449,-0.01370,0.15564,0.68575,-0.27303,0.21277,0.64025,1714873145
0.01203,-1.46960,2.48697,0.11258,-1.71800,1.61084,0.45450,-0.01369,0.15563,0.68577,-0.27300,0.21277,0.64025,1714873145
0.01203,-1.46960,2.48695,0.11258,-1.71801,1.61085,0.45450,-0.01369,0.15564,0.68577,-0.27301,0.21278,0.64024,1714873146
0.01203,-1.46960,2.48693,0.11258,-1.71799,1.61082,0.45450,-0.01369,0.15565,0.68576,-0.27302,0.21278,0.64025,1714873146
0.01205,-1.46960,2.48696,0.11257,-1.71798,1.61081,0.45450,-0.01369,0.15564,0.68576,-0.27300,0.21278,0.64026,1714873146
0.01204,-1.46961,2.48695,0.11257,-1.71799,1.61081,0.45450,-0.01369,0.15565,0.68576,-0.27301,0.21278,0.64025,1714873146
0.01206,-1.46959,2.48694,0.11256,-1.71802,1.61083,0.45450,-0.01368,0.15564,0.68576,-0.27300,0.21280,0.64025,1714873146
0.01205,-1.46960,2.48693,0.11257,-1.71802,1.61083,0.45450,-0.01369,0.15565,0.68576,-0.27302,0.21280,0.64024,1714873147
0.01204,-1.46960,2.48693,0.11257,-1.71801,1.61079,0.45450,-0.01369,0.15565,0.68575,-0.27302,0.21279,0.64026,1714873147
0.01208,-1.46960,2.48693,0.11258,-1.71800,1.61080,0.45450,-0.01367,0.15565,0.68576,-0.27300,0.21279,0.64025,1714873147
0.01208,-1.46960,2.48694,0.11258,-1.71799,1.61083,0.45450,-0.01367,0.15564,0.68577,-0.27299,0.21279,0.64024,1714873147
0.01206,-1.46959,2.48692,0.11256,-1.71800,1.61078,0.45451,-0.01368,0.15565,0.68575,-0.27301,0.21279,0.64026,1714873148
0.01206,-1.46960,2.48693,0.11256,-1.71799,1.61085,0.45451,-0.01368,0.15565,0.68577,-0.27300,0.21280,0.64024,1714873148
0.01206,-1.46960,2.48693,0.11258,-1.71799,1.61082,0.45450,-0.01368,0.15565,0.68576,-0.27301,0.21279,0.64025,1714873148
0.01206,-1.46960,2.48692,0.11258,-1.71800,1.61081,0.45451,-0.01368,0.15565,0.68576,-0.27301,0.21279,0.64025,1714873148
0.01207,-1.46960,2.48695,0.11256,-1.71802,1.61082,0.45450,-0.01367,0.15564,0.68576,-0.27300,0.21280,0.64025,1714873148
0.01206,-1.46960,2.48693,0.11257,-1.71797,1.61083,0.45451,-0.01368,0.15564,0.68577,-0.27300,0.21278,0.64025,1714873149
0.01205,-1.46960,2.48693,0.11255,-1.71798,1.61079,0.45451,-0.01368,0.15565,0.68575,-0.27300,0.21279,0.64026,1714873149
0.01204,-1.46959,2.48693,0.11256,-1.71800,1.61084,0.45451,-0.01369,0.15565,0.68577,-0.27301,0.21279,0.64024,1714873149
0.01205,-1.46960,2.48694,0.11257,-1.71800,1.61085,0.45450,-0.01369,0.15565,0.68577,-0.27300,0.21279,0.64024,1714873149
0.01204,-1.46960,2.48689,0.11259,-1.71798,1.61083,0.45451,-0.01369,0.15566,0.68576,-0.27302,0.21279,0.64024,1714873149
0.01208,-1.46960,2.48695,0.11258,-1.71801,1.61082,0.45450,-0.01367,0.15564,0.68577,-0.27300,0.21279,0.64025,1714873150
0.01206,-1.46960,2.48693,0.11258,-1.71800,1.61082,0.45450,-0.01368,0.15565,0.68576,-0.27301,0.21279,0.64025,1714873150
0.01203,-1.46959,2.48693,0.11255,-1.71802,1.61084,0.45450,-0.01369,0.15565,0.68576,-0.27301,0.21280,0.64024,1714873150
0.01206,-1.46960,2.48692,0.11256,-1.71801,1.61086,0.45451,-0.01368,0.15566,0.68577,-0.27300,0.21281,0.64023,1714873150
0.01206,-1.46960,2.48693,0.11256,-1.71801,1.61086,0.45450,-0.01368,0.15565,0.68577,-0.27300,0.21280,0.64023,1714873150
0.01206,-1.46959,2.48692,0.11255,-1.71800,1.61081,0.45451,-0.01368,0.15565,0.68576,-0.27300,0.21280,0.64025,1714873151
0.01204,-1.46960,2.48693,0.11256,-1.71802,1.61084,0.45450,-0.01369,0.15565,0.68576,-0.27301,0.21280,0.64024,1714873151
0.01208,-1.46960,2.48694,0.11255,-1.71799,1.61084,0.45450,-0.01367,0.15564,0.68577,-0.27298,0.21280,0.64024,1714873151
0.01205,-1.46959,2.48693,0.11257,-1.71802,1.61083,0.45450,-0.01368,0.15565,0.68576,-0.27301,0.21280,0.64024,1714873151
0.01206,-1.46959,2.48693,0.11256,-1.71799,1.61081,0.45451,-0.01368,0.15564,0.68576,-0.27300,0.21279,0.64025,1714873151
0.01203,-1.46959,2.48690,0.11257,-1.71801,1.61083,0.45451,-0.01369,0.15566,0.68576,-0.27302,0.21280,0.64024,1714873152
0.01206,-1.46959,2.48693,0.11257,-1.71802,1.61082,0.45450,-0.01368,0.15565,0.68576,-0.27301,0.21280,0.64025,1714873152
0.01208,-1.46959,2.48693,0.11255,-1.71802,1.61080,0.45450,-0.01367,0.15565,0.68576,-0.27300,0.21281,0.64025,1714873152
0.01204,-1.46960,2.48693,0.11257,-1.71799,1.61083,0.45451,-0.01369,0.15565,0.68576,-0.27301,0.21279,0.64025,1714873152
0.01206,-1.46959,2.48693,0.11256,-1.71800,1.61081,0.45451,-0.01368,0.15565,0.68576,-0.27300,0.21280,0.64025,1714873152
0.01208,-1.46960,2.48692,0.11256,-1.71795,1.61084,0.45451,-0.01367,0.15565,0.68578,-0.27298,0.21279,0.64024,1714873153
0.01206,-1.46959,2.48690,0.11257,-1.71800,1.61087,0.45451,-0.01368,0.15566,0.68577,-0.27301,0.21281,0.64023,1714873153
0.01209,-1.46960,2.48689,0.11257,-1.71800,1.61085,0.45451,-0.01366,0.15567,0.68577,-0.27300,0.21282,0.64023,1714873153
0.01204,-1.46959,2.48689,0.11253,-1.71799,1.61081,0.45451,-0.01368,0.15566,0.68575,-0.27301,0.21281,0.64025,1714873153
0.01206,-1.46959,2.48692,0.11254,-1.71799,1.61085,0.45451,-0.01367,0.15565,0.68577,-0.27299,0.21281,0.64024,1714873153
0.01205,-1.46960,2.48693,0.11257,-1.71802,1.61087,0.45450,-0.01369,0.15565,0.68577,-0.27301,0.21280,0.64023,1714873154
0.01206,-1.46960,2.48693,0.11256,-1.71798,1.61084,0.45451,-0.01368,0.15565,0.68577,-0.27300,0.21279,0.64024,1714873154
0.01204,-1.46959,2.48690,0.11254,-1.71800,1.61084,0.45451,-0.01368,0.15566,0.68576,-0.27301,0.21281,0.64024,1714873154
0.01207,-1.46959,2.48693,0.11254,-1.71802,1.61080,0.45450,-0.01367,0.15565,0.68575,-0.27300,0.21281,0.64025,1714873154
0.01207,-1.46960,2.48693,0.11255,-1.71799,1.61081,0.45451,-0.01367,0.15565,0.68576,-0.27299,0.21280,0.64025,1714873154
0.01208,-1.46960,2.48693,0.11254,-1.71799,1.61085,0.45451,-0.01367,0.15565,0.68577,-0.27299,0.21281,0.64024,1714873155
0.01207,-1.46959,2.48693,0.11254,-1.71800,1.61081,0.45451,-0.01367,0.15565,0.68576,-0.27299,0.21280,0.64025,1714873155
0.01206,-1.46959,2.48689,0.11253,-1.71801,1.61081,0.45451,-0.01367,0.15566,0.68575,-0.27301,0.21282,0.64025,1714873155
0.01208,-1.46960,2.48693,0.11254,-1.71799,1.61084,0.45451,-0.01367,0.15565,0.68577,-0.27298,0.21281,0.64024,1714873155
0.01206,-1.46960,2.48692,0.11253,-1.71799,1.61083,0.45451,-0.01367,0.15566,0.68576,-0.27299,0.21281,0.64025,1714873155
0.01204,-1.46960,2.48689,0.11253,-1.71802,1.61084,0.45451,-0.01368,0.15567,0.68576,-0.27302,0.21282,0.64024,1714873156
0.01204,-1.46959,2.48691,0.11255,-1.71800,1.61086,0.45451,-0.01368,0.15566,0.68577,-0.27301,0.21280,0.64024,1714873156
0.01205,-1.46960,2.48689,0.11254,-1.71802,1.61087,0.45451,-0.01368,0.15567,0.68577,-0.27301,0.21282,0.64023,1714873156
0.01205,-1.46959,2.48695,0.11254,-1.71800,1.61086,0.45450,-0.01368,0.15564,0.68577,-0.27299,0.21280,0.64024,1714873156
0.01206,-1.46960,2.48690,0.11254,-1.71799,1.61084,0.45451,-0.01367,0.15566,0.68577,-0.27300,0.21281,0.64024,1714873156
0.01204,-1.46960,2.48692,0.11255,-1.71801,1.61086,0.45450,-0.01368,0.15566,0.68577,-0.27301,0.21281,0.64023,1714873157
0.01206,-1.46959,2.48690,0.11255,-1.71800,1.61083,0.45451,-0.01367,0.15566,0.68576,-0.27300,0.21281,0.64024,1714873157
0.01206,-1.46960,2.48691,0.11253,-1.71799,1.61081,0.45451,-0.01367,0.15566,0.68576,-0.27300,0.21281,0.64025,1714873157
0.01206,-1.46960,2.48691,0.11255,-1.71799,1.61082,0.45451,-0.01367,0.15566,0.68576,-0.27300,0.21281,0.64025,1714873157
0.01206,-1.46960,2.48691,0.11252,-1.71797,1.61085,0.45451,-0.01367,0.15565,0.68577,-0.27298,0.21281,0.64024,1714873157
0.01207,-1.46959,2.48690,0.11253,-1.71798,1.61084,0.45451,-0.01367,0.15566,0.68577,-0.27299,0.21281,0.64024,1714873158
0.01206,-1.46959,2.48691,0.11254,-1.71800,1.61084,0.45451,-0.01367,0.15566,0.68577,-0.27300,0.21281,0.64024,1714873158
0.01206,-1.46960,2.48692,0.11254,-1.71800,1.61084,0.45451,-0.01368,0.15566,0.68577,-0.27300,0.21281,0.64024,1714873158
0.01206,-1.46960,2.48690,0.11254,-1.71802,1.61083,0.45451,-0.01368,0.15566,0.68576,-0.27301,0.21282,0.64024,1714873158
0.01206,-1.46959,2.48693,0.11254,-1.71802,1.61082,0.45450,-0.01368,0.15565,0.68576,-0.27300,0.21281,0.64025,1714873158
0.01206,-1.46959,2.48690,0.11254,-1.71798,1.61085,0.45451,-0.01368,0.15566,0.68577,-0.27300,0.21281,0.64024,1714873159
0.01206,-1.46960,2.48691,0.11252,-1.71801,1.61083,0.45451,-0.01367,0.15566,0.68576,-0.27300,0.21282,0.64024,1714873159
0.01206,-1.46960,2.48689,0.11253,-1.71798,1.61084,0.45451,-0.01367,0.15566,0.68576,-0.27300,0.21281,0.64024,1714873159
0.01206,-1.46959,2.48691,0.11253,-1.71799,1.61085,0.45451,-0.01367,0.15565,0.68577,-0.27299,0.21281,0.64024,1714873159
0.01208,-1.46958,2.48692,0.11252,-1.71802,1.61085,0.45451,-0.01366,0.15565,0.68577,-0.27299,0.21282,0.64024,1714873159
0.01209,-1.46958,2.48691,0.11254,-1.71799,1.61084,0.45451,-0.01366,0.15565,0.68577,-0.27298,0.21281,0.64024,1714873160
0.01207,-1.46960,2.48689,0.11251,-1.71798,1.61083,0.45451,-0.01366,0.15566,0.68576,-0.27299,0.21282,0.64024,1714873160
0.01207,-1.46960,2.48690,0.11254,-1.71801,1.61085,0.45451,-0.01367,0.15567,0.68577,-0.27300,0.21283,0.64023,1714873160
0.01206,-1.46959,2.48692,0.11252,-1.71799,1.61082,0.45451,-0.01367,0.15565,0.68576,-0.27299,0.21281,0.64025,1714873160
0.01205,-1.46958,2.48692,0.11251,-1.71801,1.61087,0.45451,-0.01367,0.15565,0.68577,-0.27299,0.21282,0.64024,1714873160
0.01203,-1.46960,2.48689,0.11253,-1.71798,1.61086,0.45451,-0.01368,0.15567,0.68577,-0.27301,0.21281,0.64024,1714873161
0.01205,-1.46959,2.48693,0.11253,-1.71800,1.61085,0.45451,-0.01368,0.15565,0.68577,-0.27299,0.21281,0.64024,1714873161
0.01207,-1.46959,2.48690,0.11254,-1.71801,1.61083,0.45451,-0.01367,0.15566,0.68576,-0.27300,0.21282,0.64024,1714873161
0.01207,-1.46960,2.48689,0.11254,-1.71798,1.61087,0.45452,-0.01367,0.15567,0.68578,-0.27300,0.21282,0.64023,1714873161
0.01206,-1.46960,2.48690,0.11253,-1.71802,1.61084,0.45451,-0.01367,0.15566,0.68576,-0.27301,0.21282,0.64024,1714873161
0.01203,-1.46959,2.48689,0.11253,-1.71800,1.61084,0.45451,-0.01368,0.15567,0.68576,-0.27301,0.21281,0.64024,1714873162
0.01203,-1.46960,2.48691,0.11252,-1.71799,1.61086,0.45451,-0.01369,0.15566,0.68577,-0.27300,0.21281,0.64024,1714873162
0.01209,-1.46959,2.48689,0.11251,-1.71800,1.61084,0.45451,-0.01366,0.15567,0.68577,-0.27299,0.21284,0.64024,1714873162
0.01206,-1.46960,2.48692,0.11252,-1.71799,1.61083,0.45451,-0.01367,0.15566,0.68576,-0.27299,0.21281,0.64025,1714873162
0.01206,-1.46960,2.48691,0.11252,-1.71797,1.61084,0.45451,-0.01367,0.15565,0.68577,-0.27299,0.21281,0.64025,1714873162
0.01204,-1.46960,2.48689,0.11252,-1.71799,1.61085,0.45451,-0.01368,0.15567,0.68576,-0.27300,0.21282,0.64024,1714873163
0.01204,-1.46958,2.48689,0.11254,-1.71800,1.61087,0.45451,-0.01368,0.15566,0.68577,-0.27301,0.21281,0.64023,1714873163
0.01209,-1.46960,2.48692,0.11253,-1.71799,1.61082,0.45451,-0.01366,0.15566,0.68576,-0.27299,0.21282,0.64025,1714873163
0.01206,-1.46960,2.48693,0.11252,-1.71800,1.61088,0.45451,-0.01367,0.15565,0.68578,-0.27299,0.21282,0.64023,1714873163
0.01201,-1.46960,2.48690,0.11252,-1.71800,1.61085,0.45451,-0.01369,0.15567,0.68576,-0.27301,0.21281,0.64024,1714873163
0.01206,-1.46960,2.48689,0.11251,-1.71801,1.61085,0.45451,-0.01367,0.15567,0.68576,-0.27300,0.21283,0.64024,1714873164
0.01204,-1.46960,2.48692,0.11254,-1.71800,1.61085,0.45451,-0.01368,0.15566,0.68577,-0.27300,0.21281,0.64024,1714873164
0.01207,-1.46960,2.48691,0.11250,-1.71799,1.61088,0.45451,-0.01366,0.15566,0.68578,-0.27298,0.21283,0.64023,1714873164
0.01204,-1.46959,2.48693,0.11252,-1.71799,1.61086,0.45451,-0.01368,0.15565,0.68577,-0.27299,0.21280,0.64024,1714873164
0.01206,-1.46960,2.48690,0.11252,-1.71800,1.61088,0.45451,-0.01367,0.15566,0.68577,-0.27299,0.21283,0.64023,1714873164
0.01206,-1.46959,2.48690,0.11253,-1.71800,1.61086,0.45451,-0.01367,0.15566,0.68577,-0.27300,0.21282,0.64024,1714873165
0.01209,-1.46959,2.48689,0.11251,-1.71801,1.61083,0.45451,-0.01366,0.15566,0.68576,-0.27299,0.21284,0.64024,1714873165
0.01206,-1.46959,2.48689,0.11253,-1.71800,1.61087,0.45451,-0.01367,0.15566,0.68577,-0.27300,0.21282,0.64023,1714873165
0.01204,-1.46959,2.48691,0.11250,-1.71798,1.61089,0.45451,-0.01368,0.15565,0.68578,-0.27298,0.21282,0.64023,1714873165
0.01206,-1.46959,2.48690,0.11252,-1.71800,1.61088,0.45451,-0.01367,0.15566,0.68578,-0.27299,0.21283,0.64023,1714873165
0.01205,-1.46959,2.48690,0.11253,-1.71802,1.61087,0.45451,-0.01368,0.15566,0.68577,-0.27300,0.21282,0.64023,1714873166
0.01203,-1.46960,2.48690,0.11251,-1.71800,1.61083,0.45451,-0.01368,0.15566,0.68576,-0.27301,0.21281,0.64025,1714873166
0.01206,-1.46960,2.48689,0.11252,-1.71802,1.61085,0.45451,-0.01367,0.15567,0.68576,-0.27300,0.21283,0.64023,1714873166
0.01209,-1.46958,2.48689,0.11250,-1.71802,1.61085,0.45451,-0.01366,0.15567,0.68577,-0.27299,0.21284,0.64023,1714873166
0.01206,-1.46959,2.48691,0.11251,-1.71799,1.61086,0.45451,-0.01367,0.15565,0.68577,-0.27299,0.21282,0.64024,1714873166
0.01209,-1.46960,2.48690,0.11250,-1.71802,1.61085,0.45451,-0.01366,0.15567,0.68576,-0.27299,0.21285,0.64023,1714873167
0.01206,-1.46959,2.48691,0.11255,-1.71799,1.61084,0.45451,-0.01368,0.15565,0.68577,-0.27300,0.21280,0.64024,1714873167
0.01206,-1.46959,2.48689,0.11251,-1.71799,1.61083,0.45451,-0.01367,0.15566,0.68576,-0.27299,0.21282,0.64025,1714873167
0.01207,-1.46959,2.48689,0.11252,-1.71799,1.61083,0.45452,-0.01367,0.15566,0.68576,-0.27299,0.21282,0.64024,1714873167
0.01206,-1.46960,2.48689,0.11250,-1.71798,1.61081,0.45451,-0.01366,0.15567,0.68575,-0.27299,0.21283,0.64025,1714873167
0.01203,-1.46959,2.48692,0.11253,-1.71800,1.61087,0.45451,-0.01368,0.15565,0.68577,-0.27300,0.21281,0.64024,1714873168
0.01206,-1.46959,2.48689,0.11254,-1.71800,1.61086,0.45451,-0.01367,0.15567,0.68577,-0.27300,0.21282,0.64023,1714873168
0.01204,-1.46960,2.48690,0.11250,-1.71799,1.61085,0.45451,-0.01368,0.15566,0.68576,-0.27299,0.21282,0.64024,1714873168
0.01206,-1.46960,2.48691,0.11253,-1.71801,1.61083,0.45451,-0.01367,0.15566,0.68576,-0.27300,0.21282,0.64024,1714873168
0.01205,-1.46958,2.48690,0.11254,-1.71799,1.61082,0.45451,-0.01368,0.15565,0.68576,-0.27300,0.21280,0.64025,1714873168
0.01206,-1.46958,2.48689,0.11251,-1.71797,1.61084,0.45452,-0.01367,0.15566,0.68577,-0.27299,0.21281,0.64024,1714873169
0.01206,-1.46959,2.48691,0.11249,-1.71798,1.61085,0.45451,-0.01367,0.15565,0.68577,-0.27297,0.21282,0.64025,1714873169
0.01206,-1.46960,2.48690,0.11252,-1.71802,1.61084,0.45451,-0.01367,0.15567,0.68576,-0.27301,0.21283,0.64024,1714873169
0.01206,-1.46959,2.48691,0.11251,-1.71801,1.61086,0.45451,-0.01367,0.15566,0.68577,-0.27299,0.21283,0.64024,1714873169
0.01206,-1.46959,2.48689,0.11251,-1.71799,1.61083,0.45451,-0.01367,0.15566,0.68576,-0.27299,0.21282,0.64025,1714873169
0.01207,-1.46960,2.48689,0.11251,-1.71798,1.61085,0.45451,-0.01366,0.15566,0.68577,-0.27299,0.21283,0.64024,1714873170
0.01206,-1.46959,2.48690,0.11252,-1.71800,1.61084,0.45451,-0.01367,0.15566,0.68576,-0.27300,0.21282,0.64024,1714873170
0.01208,-1.46959,2.48689,0.11249,-1.71801,1.61085,0.45451,-0.01366,0.15566,0.68577,-0.27298,0.21284,0.64024,1714873170
0.01209,-1.46960,2.48691,0.11250,-1.71799,1.61085,0.45451,-0.01365,0.15566,0.68577,-0.27297,0.21283,0.64024,1714873170
0.01203,-1.46960,2.48690,0.11251,-1.71800,1.61085,0.45451,-0.01368,0.15566,0.68576,-0.27300,0.21282,0.64024,1714873170
0.01205,-1.46960,2.48690,0.11251,-1.71800,1.61085,0.45451,-0.01367,0.15567,0.68576,-0.27300,0.21283,0.64024,1714873171
0.01206,-1.46960,2.48690,0.11253,-1.71800,1.61089,0.45451,-0.01367,0.15566,0.68578,-0.27300,0.21282,0.64022,1714873171
0.01208,-1.46960,2.48691,0.11250,-1.71801,1.61086,0.45451,-0.01366,0.15566,0.68577,-0.27298,0.21284,0.64023,1714873171
0.01209,-1.46960,2.48689,0.11250,-1.71797,1.61084,0.45452,-0.01365,0.15567,0.68577,-0.27298,0.21284,0.64024,1714873171
0.01204,-1.46960,2.48691,0.11250,-1.71798,1.61089,0.45451,-0.01367,0.15566,0.68578,-0.27298,0.21282,0.64023,1714873172
0.01206,-1.46959,2.48690,0.11250,-1.71801,1.61087,0.45451,-0.01367,0.15566,0.68577,-0.27299,0.21283,0.64023,1714873172
0.01206,-1.46959,2.48691,0.11250,-1.71798,1.61088,0.45451,-0.01367,0.15565,0.68578,-0.27297,0.21282,0.64023,1714873172
0.01206,-1.46960,2.48688,0.11250,-1.71800,1.61084,0.45451,-0.01366,0.15567,0.68576,-0.27299,0.21284,0.64024,1714873172
0.01205,-1.46960,2.48690,0.11250,-1.71799,1.61084,0.45451,-0.01367,0.15566,0.68576,-0.27299,0.21282,0.64024,1714873172
0.01206,-1.46960,2.48689,0.11250,-1.71801,1.61084,0.45451,-0.01367,0.15567,0.68576,-0.27300,0.21283,0.64024,1714873173
0.01207,-1.46959,2.48690,0.11250,-1.71802,1.61087,0.45451,-0.01366,0.15566,0.68577,-0.27299,0.21284,0.64023,1714873173
0.01207,-1.46960,2.48689,0.11252,-1.71799,1.61086,0.45451,-0.01367,0.15566,0.68577,-0.27299,0.21283,0.64023,1714873173
0.01204,-1.46960,2.48690,0.11250,-1.71800,1.61083,0.45451,-0.01367,0.15566,0.68576,-0.27299,0.21282,0.64025,1714873173
0.01203,-1.46960,2.48689,0.11250,-1.71799,1.61087,0.45451,-0.01368,0.15566,0.68577,-0.27299,0.21283,0.64024,1714873173
0.01205,-1.46959,2.48689,0.11250,-1.71799,1.61085,0.45452,-0.01367,0.15566,0.68576,-0.27299,0.21283,0.64024,1714873174
0.01205,-1.46958,2.48692,0.11251,-1.71800,1.61085,0.45451,-0.01367,0.15565,0.68577,-0.27299,0.21281,0.64024,1714873174
0.01208,-1.46960,2.48689,0.11249,-1.71801,1.61085,0.45451,-0.01366,0.15567,0.68576,-0.27299,0.21285,0.64024,1714873174
0.01204,-1.46960,2.48688,0.11250,-1.71799,1.61089,0.45451,-0.01367,0.15567,0.68577,-0.27300,0.21284,0.64023,1714873174
0.01205,-1.46960,2.48691,0.11249,-1.71797,1.61089,0.45451,-0.01367,0.15566,0.68578,-0.27297,0.21283,0.64023,1714873174
0.01208,-1.46960,2.48690,0.11250,-1.71802,1.61084,0.45451,-0.01366,0.15567,0.68576,-0.27299,0.21285,0.64024,1714873175
0.01206,-1.46959,2.48689,0.11250,-1.71801,1.61084,0.45451,-0.01367,0.15566,0.68576,-0.27300,0.21283,0.64024,1714873175
0.01208,-1.46960,2.48689,0.11250,-1.71800,1.61086,0.45451,-0.01366,0.15567,0.68577,-0.27299,0.21284,0.64023,1714873175
0.01203,-1.46961,2.48691,0.11250,-1.71801,1.61086,0.45451,-0.01368,0.15567,0.68576,-0.27300,0.21283,0.64024,1714873175
0.01209,-1.46958,2.48689,0.11250,-1.71797,1.61086,0.45452,-0.01366,0.15565,0.68578,-0.27297,0.21283,0.64024,1714873175
0.01206,-1.46958,2.48691,0.11250,-1.71798,1.61084,0.45451,-0.01366,0.15565,0.68577,-0.27297,0.21282,0.64025,1714873176
0.01204,-1.46959,2.48691,0.11250,-1.71801,1.61086,0.45451,-0.01368,0.15566,0.68577,-0.27299,0.21282,0.64024,1714873176
0.01206,-1.46960,2.48690,0.11250,-1.71799,1.61087,0.45451,-0.01367,0.15566,0.68577,-0.27298,0.21283,0.64023,1714873176
0.01206,-1.46960,2.48687,0.11250,-1.71801,1.61089,0.45452,-0.01366,0.15568,0.68577,-0.27299,0.21285,0.64022,1714873176
0.01206,-1.46960,2.48689,0.11249,-1.71801,1.61085,0.45451,-0.01366,0.15567,0.68576,-0.27299,0.21285,0.64024,1714873176
0.01206,-1.46960,2.48691,0.11250,-1.71800,1.61085,0.45451,-0.01367,0.15566,0.68576,-0.27299,0.21283,0.64024,1714873177
0.01206,-1.46960,2.48690,0.11250,-1.71799,1.61086,0.45451,-0.01367,0.15566,0.68577,-0.27299,0.21283,0.64024,1714873177
0.01206,-1.46959,2.48689,0.11249,-1.71797,1.61085,0.45452,-0.01366,0.15566,0.68577,-0.27297,0.21283,0.64024,1714873177
0.01206,-1.46960,2.48691,0.11250,-1.71799,1.61086,0.45451,-0.01367,0.15566,0.68577,-0.27298,0.21283,0.64024,1714873177
0.01208,-1.46960,2.48691,0.11248,-1.71801,1.61089,0.45451,-0.01365,0.15566,0.68578,-0.27297,0.21285,0.64023,1714873177
0.01209,-1.46960,2.48691,0.11247,-1.71799,1.61085,0.45451,-0.01365,0.15566,0.68577,-0.27296,0.21285,0.64024,1714873178
0.01203,-1.46959,2.48689,0.11249,-1.71802,1.61085,0.45451,-0.01368,0.15567,0.68576,-0.27300,0.21283,0.64024,1714873178
0.01207,-1.46960,2.48689,0.11250,-1.71800,1.61084,0.45451,-0.01366,0.15567,0.68576,-0.27299,0.21284,0.64024,1714873178
0.01206,-1.46958,2.48690,0.11250,-1.71801,1.61085,0.45451,-0.01366,0.15566,0.68577,-0.27298,0.21283,0.64024,1714873178
0.01205,-1.46959,2.48689,0.11250,-1.71800,1.61083,0.45451,-0.01367,0.15566,0.68576,-0.27300,0.21282,0.64025,1714873178
0.01206,-1.46959,2.48689,0.11250,-1.71802,1.61084,0.45451,-0.01367,0.15567,0.68576,-0.27300,0.21284,0.64024,1714873179
0.01205,-1.46959,2.48688,0.11250,-1.71802,1.61084,0.45451,-0.01367,0.15567,0.68576,-0.27300,0.21284,0.64024,1714873179
0.01206,-1.46959,2.48691,0.11249,-1.71800,1.61085,0.45451,-0.01366,0.15566,0.68577,-0.27298,0.21283,0.64024,1714873179
0.01206,-1.46958,2.48689,0.11250,-1.71801,1.61086,0.45451,-0.01367,0.15566,0.68577,-0.27299,0.21284,0.64023,1714873179
0.01207,-1.46960,2.48691,0.11249,-1.71799,1.61085,0.45451,-0.01366,0.15566,0.68577,-0.27298,0.21284,0.64024,1714873179
0.01204,-1.46960,2.48689,0.11250,-1.71800,1.61086,0.45451,-0.01368,0.15567,0.68576,-0.27300,0.21283,0.64024,1714873180
0.01206,-1.46958,2.48689,0.11247,-1.71799,1.61087,0.45452,-0.01366,0.15566,0.68577,-0.27297,0.21284,0.64024,1714873180
0.01206,-1.46960,2.48691,0.11250,-1.71800,1.61089,0.45451,-0.01367,0.15566,0.68578,-0.27298,0.21283,0.64023,1714873180
0.01207,-1.46959,2.48689,0.11248,-1.71801,1.61087,0.45451,-0.01366,0.15567,0.68577,-0.27298,0.21285,0.64023,1714873180
0.01203,-1.46959,2.48689,0.11249,-1.71799,1.61086,0.45452,-0.01368,0.15566,0.68576,-0.27299,0.21283,0.64024,1714873180
0.01205,-1.46960,2.48689,0.11249,-1.71802,1.61086,0.45451,-0.01367,0.15567,0.68576,-0.27300,0.21285,0.64023,1714873181
0.01207,-1.46959,2.48689,0.11247,-1.71802,1.61086,0.45451,-0.01366,0.15567,0.68576,-0.27298,0.21286,0.64024,1714873181
0.01205,-1.46959,2.48692,0.11248,-1.71798,1.61086,0.45451,-0.01367,0.15565,0.68577,-0.27297,0.21282,0.64025,1714873181
0.01203,-1.46959,2.48689,0.11250,-1.71801,1.61089,0.45451,-0.01368,0.15566,0.68577,-0.27300,0.21283,0.64023,1714873181
0.01211,-1.46960,2.48689,0.11248,-1.71797,1.61085,0.45452,-0.01364,0.15567,0.68577,-0.27296,0.21285,0.64024,1714873181
0.01206,-1.46960,2.48690,0.11248,-1.71801,1.61085,0.45451,-0.01366,0.15566,0.68576,-0.27298,0.21284,0.64024,1714873182
0.01205,-1.46959,2.48690,0.11250,-1.71800,1.61086,0.45451,-0.01367,0.15566,0.68577,-0.27299,0.21283,0.64024,1714873182
0.01206,-1.46959,2.48689,0.11248,-1.71800,1.61084,0.45451,-0.01366,0.15567,0.68576,-0.27298,0.21284,0.64024,1714873182
0.01208,-1.46959,2.48688,0.11249,-1.71798,1.61083,0.45452,-0.01366,0.15567,0.68576,-0.27298,0.21284,0.64025,1714873182
0.01207,-1.46960,2.48689,0.11250,-1.71802,1.61084,0.45451,-0.01366,0.15567,0.68576,-0.27299,0.21284,0.64024,1714873182
0.01207,-1.46959,2.48691,0.11249,-1.71798,1.61088,0.45451,-0.01366,0.15565,0.68578,-0.27297,0.21283,0.64023,1714873183
0.01209,-1.46960,2.48690,0.11250,-1.71802,1.61085,0.45451,-0.01365,0.15567,0.68576,-0.27299,0.21285,0.64023,1714873183
0.01204,-1.46961,2.48690,0.11250,-1.71797,1.61086,0.45451,-0.01368,0.15567,0.68577,-0.27299,0.21282,0.64024,1714873183
0.01208,-1.46960,2.48689,0.11250,-1.71800,1.61084,0.45451,-0.01366,0.15567,0.68576,-0.27299,0.21284,0.64024,1714873183
0.01210,-1.46959,2.48692,0.11250,-1.71800,1.61088,0.45451,-0.01365,0.15565,0.68578,-0.27297,0.21284,0.64023,1714873183
0.01205,-1.46959,2.48689,0.11249,-1.71801,1.61084,0.45451,-0.01367,0.15567,0.68576,-0.27299,0.21284,0.64024,1714873184
0.01206,-1.46960,2.48689,0.11249,-1.71800,1.61086,0.45451,-0.01367,0.15567,0.68577,-0.27299,0.21284,0.64024,1714873184
0.01205,-1.46959,2.48689,0.11250,-1.71801,1.61085,0.45451,-0.01367,0.15567,0.68576,-0.27300,0.21283,0.64024,1714873184
0.01206,-1.46960,2.48691,0.11250,-1.71800,1.61089,0.45451,-0.01366,0.15566,0.68578,-0.27298,0.21284,0.64023,1714873184
0.01206,-1.46959,2.48689,0.11248,-1.71800,1.61087,0.45451,-0.01366,0.15567,0.68577,-0.27298,0.21285,0.64023,1714873185
0.01209,-1.46960,2.48687,0.11248,-1.71802,1.61086,0.45451,-0.01365,0.15568,0.68576,-0.27299,0.21287,0.64023,1714873185
0.01205,-1.46958,2.48689,0.11249,-1.71800,1.61086,0.45452,-0.01367,0.15566,0.68577,-0.27299,0.21283,0.64024,1714873185
0.01206,-1.46960,2.48688,0.11247,-1.71802,1.61082,0.45451,-0.01366,0.15568,0.68575,-0.27299,0.21286,0.64025,1714873185
0.01206,-1.46960,2.48689,0.11248,-1.71800,1.61088,0.45451,-0.01366,0.15567,0.68577,-0.27298,0.21285,0.64023,1714873185
0.01202,-1.46960,2.48688,0.11249,-1.71801,1.61088,0.45451,-0.01368,0.15567,0.68576,-0.27301,0.21284,0.64023,1714873186
0.01206,-1.46960,2.48690,0.11248,-1.71800,1.61086,0.45451,-0.01366,0.15566,0.68577,-0.27298,0.21284,0.64024,1714873186
0.01204,-1.46960,2.48689,0.11250,-1.71801,1.61083,0.45451,-0.01367,0.15567,0.68575,-0.27300,0.21283,0.64025,1714873186
0.01207,-1.46960,2.48689,0.11248,-1.71802,1.61091,0.45451,-0.01366,0.15567,0.68578,-0.27298,0.21287,0.64021,1714873186
0.01203,-1.46959,2.48690,0.11249,-1.71798,1.61084,0.45451,-0.01368,0.15566,0.68576,-0.27298,0.21282,0.64025,1714873186
0.01203,-1.46959,2.48691,0.11248,-1.71801,1.61085,0.45451,-0.01367,0.15566,0.68576,-0.27299,0.21283,0.64025,1714873187
0.01204,-1.46959,2.48689,0.11250,-1.71799,1.61084,0.45452,-0.01367,0.15566,0.68576,-0.27299,0.21283,0.64025,1714873187
0.01208,-1.46958,2.48690,0.11249,-1.71800,1.61089,0.45451,-0.01366,0.15566,0.68578,-0.27297,0.21284,0.64023,1714873187
0.01205,-1.46959,2.48690,0.11248,-1.71801,1.61087,0.45451,-0.01367,0.15566,0.68577,-0.27298,0.21284,0.64024,1714873187
0.01206,-1.46959,2.48689,0.11247,-1.71801,1.61084,0.45451,-0.01366,0.15567,0.68576,-0.27298,0.21285,0.64024,1714873187
0.01205,-1.46960,2.48689,0.11250,-1.71801,1.61085,0.45451,-0.01367,0.15567,0.68576,-0.27300,0.21283,0.64024,1714873188
0.01208,-1.46959,2.48689,0.11248,-1.71802,1.61089,0.45451,-0.01365,0.15567,0.68577,-0.27298,0.21286,0.64022,1714873188
0.01206,-1.46959,2.48689,0.11248,-1.71802,1.61089,0.45451,-0.01366,0.15567,0.68577,-0.27298,0.21285,0.64023,1714873188
0.01208,-1.46958,2.48689,0.11249,-1.71798,1.61086,0.45452,-0.01366,0.15566,0.68577,-0.27297,0.21284,0.64024,1714873188
0.01206,-1.46959,2.48690,0.11248,-1.71799,1.61086,0.45451,-0.01366,0.15566,0.68577,-0.27297,0.21284,0.64024,1714873189
0.01208,-1.46958,2.48693,0.11247,-1.71801,1.61085,0.45451,-0.01365,0.15565,0.68577,-0.27296,0.21284,0.64025,1714873189
0.01206,-1.46960,2.48689,0.11248,-1.71799,1.61089,0.45451,-0.01366,0.15567,0.68578,-0.27298,0.21285,0.64023,1714873189
0.01205,-1.46959,2.48690,0.11249,-1.71802,1.61085,0.45451,-0.01367,0.15566,0.68576,-0.27299,0.21284,0.64024,1714873189
0.01207,-1.46959,2.48689,0.11250,-1.71802,1.61087,0.45451,-0.01366,0.15567,0.68577,-0.27299,0.21285,0.64023,1714873189
0.01205,-1.46958,2.48689,0.11248,-1.71801,1.61083,0.45451,-0.01367,0.15566,0.68576,-0.27299,0.21283,0.64025,1714873190
0.01206,-1.46960,2.48689,0.11247,-1.71802,1.61088,0.45451,-0.01366,0.15568,0.68577,-0.27299,0.21286,0.64023,1714873190
0.01206,-1.46960,2.48689,0.11248,-1.71800,1.61087,0.45451,-0.01366,0.15567,0.68577,-0.27298,0.21285,0.64023,1714873190
0.01206,-1.46957,2.48689,0.11248,-1.71799,1.61089,0.45452,-0.01366,0.15566,0.68578,-0.27297,0.21284,0.64023,1714873190
0.01207,-1.46959,2.48689,0.11247,-1.71800,1.61089,0.45452,-0.01366,0.15567,0.68578,-0.27297,0.21285,0.64023,1714873190
0.01206,-1.46959,2.48687,0.11247,-1.71801,1.61088,0.45452,-0.01366,0.15567,0.68577,-0.27298,0.21286,0.64023,1714873191
0.01206,-1.46959,2.48688,0.11247,-1.71802,1.61086,0.45451,-0.01366,0.15567,0.68576,-0.27299,0.21285,0.64024,1714873191
0.01203,-1.46958,2.48691,0.11248,-1.71799,1.61088,0.45451,-0.01367,0.15565,0.68577,-0.27298,0.21282,0.64024,1714873191
0.01208,-1.46960,2.48688,0.11248,-1.71801,1.61086,0.45451,-0.01365,0.15567,0.68577,-0.27298,0.21286,0.64023,1714873191
0.01206,-1.46960,2.48689,0.11248,-1.71800,1.61088,0.45451,-0.01366,0.15567,0.68577,-0.27298,0.21285,0.64023,1714873191
0.01207,-1.46959,2.48690,0.11248,-1.71800,1.61090,0.45451,-0.01366,0.15566,0.68578,-0.27297,0.21285,0.64022,1714873192
0.01207,-1.46960,2.48689,0.11246,-1.71800,1.61088,0.45451,-0.01365,0.15567,0.68577,-0.27297,0.21286,0.64023,1714873192
0.01205,-1.46960,2.48689,0.11250,-1.71801,1.61086,0.45451,-0.01367,0.15567,0.68576,-0.27300,0.21284,0.64023,1714873192
0.01209,-1.46960,2.48688,0.11247,-1.71800,1.61088,0.45452,-0.01365,0.15567,0.68577,-0.27297,0.21286,0.64023,1714873192
0.01205,-1.46959,2.48689,0.11250,-1.71801,1.61089,0.45451,-0.01367,0.15566,0.68577,-0.27299,0.21283,0.64023,1714873192
0.01203,-1.46960,2.48689,0.11247,-1.71802,1.61089,0.45451,-0.01367,0.15567,0.68577,-0.27299,0.21285,0.64023,1714873193
0.01203,-1.46960,2.48689,0.11250,-1.71802,1.61088,0.45451,-0.01368,0.15567,0.68577,-0.27300,0.21284,0.64023,1714873193
0.01206,-1.46960,2.48688,0.11250,-1.71802,1.61085,0.45451,-0.01367,0.15568,0.68576,-0.27300,0.21285,0.64024,1714873193
0.01206,-1.46958,2.48689,0.11247,-1.71802,1.61088,0.45451,-0.01366,0.15567,0.68577,-0.27298,0.21285,0.64023,1714873193
0.01206,-1.46960,2.48689,0.11247,-1.71800,1.61085,0.45451,-0.01366,0.15567,0.68576,-0.27298,0.21285,0.64024,1714873194
0.01209,-1.46959,2.48689,0.11250,-1.71802,1.61083,0.45451,-0.01365,0.15567,0.68576,-0.27299,0.21285,0.64024,1714873194
0.01206,-1.46958,2.48692,0.11247,-1.71802,1.61089,0.45451,-0.01366,0.15565,0.68578,-0.27297,0.21284,0.64023,1714873194
0.01207,-1.46960,2.48689,0.11247,-1.71800,1.61085,0.45451,-0.01366,0.15567,0.68576,-0.27298,0.21285,0.64024,1714873194
0.01203,-1.46959,2.48689,0.11248,-1.71800,1.61089,0.45451,-0.01367,0.15567,0.68577,-0.27299,0.21284,0.64023,1714873195
0.01209,-1.46958,2.48689,0.11247,-1.71798,1.61084,0.45452,-0.01365,0.15566,0.68577,-0.27296,0.21284,0.64024,1714873195
0.01205,-1.46959,2.48689,0.11246,-1.71802,1.61087,0.45451,-0.01366,0.15567,0.68576,-0.27298,0.21285,0.64024,1714873195
0.01206,-1.46960,2.48689,0.11245,-1.71798,1.61088,0.45451,-0.01366,0.15566,0.68577,-0.27296,0.21285,0.64024,1714873195
0.01207,-1.46960,2.48689,0.11246,-1.71801,1.61088,0.45451,-0.01365,0.15567,0.68577,-0.27298,0.21286,0.64023,1714873195
0.01206,-1.46959,2.48689,0.11247,-1.71800,1.61084,0.45451,-0.01366,0.15567,0.68576,-0.27298,0.21284,0.64025,1714873196
0.01205,-1.46958,2.48688,0.11247,-1.71802,1.61086,0.45452,-0.01367,0.15567,0.68576,-0.27299,0.21285,0.64024,1714873196
0.01205,-1.46959,2.48690,0.11248,-1.71801,1.61088,0.45451,-0.01367,0.15566,0.68577,-0.27298,0.21284,0.64023,1714873196
0.01209,-1.46960,2.48690,0.11247,-1.71802,1.61089,0.45451,-0.01365,0.15567,0.68577,-0.27298,0.21287,0.64022,1714873196
0.01205,-1.46960,2.48689,0.11248,-1.71800,1.61084,0.45451,-0.01367,0.15567,0.68576,-0.27299,0.21284,0.64025,1714873196
0.01206,-1.46959,2.48689,0.11247,-1.71802,1.61086,0.45451,-0.01366,0.15567,0.68576,-0.27298,0.21285,0.64024,1714873197
0.01204,-1.46959,2.48689,0.11248,-1.71799,1.61086,0.45451,-0.01367,0.15566,0.68577,-0.27298,0.21283,0.64024,1714873197
0.01205,-1.46959,2.48689,0.11246,-1.71801,1.61089,0.45451,-0.01366,0.15567,0.68577,-0.27298,0.21285,0.64023,1714873197
0.01205,-1.46959,2.48691,0.11246,-1.71802,1.61086,0.45451,-0.01366,0.15566,0.68576,-0.27298,0.21284,0.64024,1714873197
0.01206,-1.46960,2.48689,0.11249,-1.71801,1.61090,0.45451,-0.01367,0.15567,0.68578,-0.27298,0.21285,0.64022,1714873197
0.01203,-1.46960,2.48689,0.11248,-1.71802,1.61087,0.45451,-0.01367,0.15567,0.68576,-0.27300,0.21284,0.64023,1714873198
0.01205,-1.46959,2.48689,0.11247,-1.71798,1.61083,0.45452,-0.01367,0.15566,0.68576,-0.27298,0.21283,0.64025,1714873198
0.01207,-1.46960,2.48687,0.11248,-1.71800,1.61089,0.45452,-0.01366,0.15568,0.68578,-0.27298,0.21286,0.64022,1714873198
0.01203,-1.46960,2.48689,0.11249,-1.71799,1.61087,0.45451,-0.01368,0.15567,0.68577,-0.27299,0.21283,0.64024,1714873198
0.01209,-1.46960,2.48689,0.11247,-1.71801,1.61087,0.45451,-0.01365,0.15567,0.68577,-0.27297,0.21286,0.64023,1714873198
0.01209,-1.46959,2.48688,0.11247,-1.71799,1.61085,0.45452,-0.01365,0.15567,0.68577,-0.27297,0.21285,0.64024,1714873199
0.01205,-1.46959,2.48688,0.11247,-1.71800,1.61087,0.45452,-0.01367,0.15567,0.68577,-0.27298,0.21285,0.64024,1714873199
0.01203,-1.46958,2.48689,0.11248,-1.71799,1.61088,0.45452,-0.01367,0.15566,0.68577,-0.27298,0.21283,0.64024,1714873199
0.01209,-1.46959,2.48689,0.11248,-1.71803,1.61085,0.45451,-0.01365,0.15567,0.68576,-0.27298,0.21286,0.64024,1714873199
0.01206,-1.46960,2.48689,0.11248,-1.71800,1.61090,0.45451,-0.01366,0.15567,0.68578,-0.27298,0.21285,0.64022,1714873199
0.01209,-1.46959,2.48689,0.11248,-1.71802,1.61086,0.45451,-0.01365,0.15567,0.68577,-0.27297,0.21286,0.64023,1714873200
0.01203,-1.46960,2.48689,0.11248,-1.71800,1.61088,0.45451,-0.01367,0.15567,0.68577,-0.27299,0.21284,0.64023,1714873200
0.01206,-1.46960,2.48689,0.11248,-1.71800,1.61086,0.45451,-0.01366,0.15567,0.68577,-0.27298,0.21284,0.64024,1714873200
0.01207,-1.46960,2.48688,0.11246,-1.71801,1.61086,0.45451,-0.01365,0.15568,0.68576,-0.27298,0.21286,0.64023,1714873200
0.01204,-1.46960,2.48693,0.11246,-1.71798,1.61086,0.45451,-0.01367,0.15565,0.68577,-0.27297,0.21283,0.64025,1714873201
0.01203,-1.46959,2.48688,0.11247,-1.71801,1.61089,0.45451,-0.01367,0.15567,0.68577,-0.27299,0.21285,0.64023,1714873201
0.01207,-1.46958,2.48689,0.11249,-1.71801,1.61089,0.45451,-0.01366,0.15566,0.68578,-0.27298,0.21285,0.64022,1714873201
0.01206,-1.46960,2.48689,0.11248,-1.71801,1.61091,0.45451,-0.01366,0.15567,0.68578,-0.27298,0.21285,0.64022,1714873201
0.01206,-1.46960,2.48687,0.11248,-1.71799,1.61087,0.45452,-0.01366,0.15568,0.68577,-0.27299,0.21285,0.64023,1714873201
0.01206,-1.46960,2.48689,0.11247,-1.71800,1.61089,0.45451,-0.01366,0.15567,0.68577,-0.27298,0.21285,0.64023,1714873202
0.01207,-1.46961,2.48689,0.11247,-1.71801,1.61089,0.45451,-0.01366,0.15567,0.68577,-0.27298,0.21286,0.64023,1714873202
0.01204,-1.46959,2.48689,0.11248,-1.71801,1.61088,0.45451,-0.01367,0.15566,0.68577,-0.27299,0.21284,0.64023,1714873202
0.01205,-1.46959,2.48689,0.11247,-1.71803,1.61086,0.45451,-0.01367,0.15567,0.68576,-0.27299,0.21285,0.64024,1714873202
0.01208,-1.46960,2.48688,0.11247,-1.71800,1.61086,0.45452,-0.01365,0.15567,0.68577,-0.27298,0.21286,0.64023,1714873202
0.01207,-1.46960,2.48689,0.11247,-1.71800,1.61088,0.45451,-0.01366,0.15567,0.68577,-0.27298,0.21285,0.64023,1714873203
0.01204,-1.46958,2.48689,0.11246,-1.71802,1.61089,0.45451,-0.01367,0.15566,0.68577,-0.27298,0.21285,0.64023,1714873203
0.01206,-1.46958,2.48689,0.11249,-1.71798,1.61089,0.45452,-0.01367,0.15566,0.68578,-0.27298,0.21283,0.64023,1714873203
0.01205,-1.46959,2.48690,0.11246,-1.71800,1.61085,0.45451,-0.01366,0.15566,0.68576,-0.27298,0.21284,0.64025,1714873203
0.01207,-1.46960,2.48689,0.11248,-1.71799,1.61089,0.45451,-0.01366,0.15567,0.68578,-0.27298,0.21285,0.64023,1714873203
